Charcot,Autres
lerhbuch der nerveukrankheiten,ce recueil cerveau
système nerveux édition,cérébrale paris 1902
nervous system 1883,recueil cerveau
complètes système nerveux,cérébrale paris 1903
psychique chaucot œuvres,cérébrale paris 1896
arcs diastaltiqucs réflexes,ganglion labial interne
diastaltiqucs réflexes,le ganglion oral
réflexes cutanés tendineux,ganglion oral
réflexe spinale,au ganglion labial
réflexe spinale que,ganglion labial lequel
82 ans tremblement,emploie dans excision
cette femme meurt,externe du cinquième
cette femme morte,cicatriser les surfaces
71 ans tremblement,pénétrer dans épaisseur
mort cette femme,amputation du cinquième
épileptiques le diagnostic,épiphyse cartilagineuse quatrième
épileptique epileptique hystérie,cavités accidentelles opérer
symptômes hystéro épileptiques,accidentelles opérer
syphilitique epilepsie partielle,chirurgien normand
pathologique epileptique hystérique,cartilagineuse quatrième
morte 82 ans,cérébrale antérieure coupe
maternelle morte 82,xxviii coupe horizontale
grands pères mort,xxvi coupe horizontale
mère maternelle morte,xxiv coupe horizontale
morte 60 ans,occipitale postérieure
bromure de potassium,du crâne microcéphales
potassium la faradisation,crâne microcéphales
dé potassium ne,du cerveau microcéphales
rant la cicatrisation,cerveau microcéphales
traitement bromure de,voûte du crâne
pathologiques psycho moteurs,souvent opinion elles
conceptions psycho motrices,opinion elles attirent
psycho moteurs lm,considérations sont neuves
psycho logie comparée,critique elles inspirent
psycho moteurs,opinions récemment émises
hyperexcitabnité neuro musculaire,hypnotisme septembre 1890
neuro musculaire excitation,1891 vintras hypnotisme
hyperexcitabilité neuro musculaire,hypnotisme avril 1890
lt1yperexc1tar1lité neuro musculaire,1891 myers hypnotisme
neuro musculaire nous,hypnotisme en 1889
malade conception monomaniaque,quinze francs amende
prostitution un remède,15 francs amende
seuls moyens curatifs,condamne 15 francs
chez les monomaniaques,condamue quinze francs
femmes hystériques pour,200 francs amende
cérébral du lobe,prière le malade
lésion cérébrale unilatérale,malade cette prière
la lésion cérébrale,prière la maladie
cérébrale unilatérale,gémissement la prière
la paralysie cérébrale,prière la prière
il ne mangeait,mémorable du bernheim
il mange avec,une conférence clinique
poison il mange,la séance solennelle
ses habitudes mange,séance solennelle
il ne mange,conférences cliniques sur
nouveau bain 11,perroquet savant un
octobre 1882 heures,perroquet savant
heures 1070 11,autrichiens racontent que
bain 11 ne,autrichiens racontent
bain 11,les animaux savants
méningite tuberculeuse cérébro,au sommeil hypnotique
tuberculeuse cérébro spinale,sommeil hypnotique chez
tuberculeuse jaccond pathologie,endormi depuis elle
encéphatite tuberculeuse exactement,en sommeil hypnotique
tuberculeuse cérébro,sommeil hypnotique ai
cerveau dans évolution,dr albert robin
parallélisme entre évolution,docteur berillon proclamer
sains esprit nous,roulin le dr
hommes sains esprit,médecine albert robin
la folie progressaisous,docteur albert
les viandes rôties,ivresse lui confessé
les viandes dures,hypnotique un alcoolique
les viandes surtout,psvchologique de alcoolisme
cuits certains poissons,hypnotique lui même
viandes surtout les,ivresse il était
sclérose prétendue systématique,examen du magnétisme
fausse sclérose systématique,magnétisme vient opérer
considérer fausse sclérose,le magnétisme grandit
affirmer étiologie syphilitique,magnétisme grandit en
scléroses dites systématiques,extension du magnétisme
pratiques lui 1882,la propriété magnétique
aliments ingérée re,propriété magnétique
chirurgie pratiques lui,une propriété magnétique
lui 1882 il,propriété magnétique fort
lui 1882,magnétique le propriétaire
symptomatique général,président mon admiration
signes ordinaires,science mesmé ricnne
des signes ordinaires,science de rovère
diagnostic paralysie générale,la science divine
signes ordinaires propres,mon cher président
corps dansl espace,perte appétit digestion
corps dans espace,le estomac continué
musculaire demeure partielle,appétit digestion
de espace anesthésie,repas estomac est
espace anesthésie,ses repas estomac
nerveux les phosphates,instinct de homme
la substance nerveuse,spirituel sur humain
substance nerveuse atrophie,sentiments de homme
le tissu nerveux,humain le sentiment
organes nerveux,esprit incréé hommes
lapins soumis expérience,interdit aux prêtres
lapins sacrifiés quatre,embrassé le catholicisme
lapin sacrifié 43,corporéité eglise catholique
lapin sacrifié 42,ijçlise catholique pour
lapin sacrifié 40,le catholique invoquant
beach était irresponsable,toast empereur au
dr beach était,toast empereur
le dr beach,un toast empereur
pennsylvanie refusé même,le toast imion
dr beach,ce toast
cérébral terminent,expressions confiance aveugle
de contusion cérébrale,confiance aveugle confiance
une congestion cérébrale,aveugle confiance absolue
cérébrales médullaires,confiance aveugle
congestion cérébrale,aveugle confiance
tubes altérés semblent,transverse du nez
tubes altérés,du nez muscle
moyenne du bras,du nez associe
bras du tubercule,du nez développée
articulations de épaule,nez est combinée
morts un âge,cylindres axes cellule
père mort soixante,nerveuses cellules pyramidales
mort vers soixante,cellules nerveuses rétractées
morte âge de,cylindre axe histogenèse
parents morts âgés,nerveuses le cylindre
anatomie du cerveau,occipital sa face
bibliographie système nerveux,occipital est
neurol centralblatt,occipital se présente
arch de neurologie,occipital esta
du cerveau centre,occipital est surtout
folie systématique hallucinatoire,pédoncule cérébral centre
lypémaniaques hallucinés,cérébral centre ovale
lypémaniaques hallucinés ce,cérébral coupe vertico
psychoneurotique aiguë hallucinatoire,pédoncule cérébral coupe
hallucina tions hypnotiques,écorce cérébrale sur
raoult 316 4p9,sous thalamiques anatomie
316 4p9,partie ventrale du
235 wilkowski 114,la partie ventrale
ozeum 941 percy,partie ventrale de
316 4p9 i60,externe du ganglion
au syndrome paralytique,cérébral thalamique
syndrome paralytique,cule cérébral thalamique
syndrome paralytique un,anatomie cérébrale
pathologie mentale paralysie,anatomie cérébrale les
anomalie psycbopathique,pédoncule cérébral examiné
ganglion cervical supérieur,section semi lunaire
hypoglosse gauche contraction,semi lunaire segment
du ganglion cervical,lunaire segment
le ganglion cervical,lunaire segment posté
cervical le ganglion,lunaire inférieur moitié
traitement des aliénés,volumineuses cellules multipolai
rapport aux asiles,les fibres cn
abus dont parle,les volumineuses cellules
publics le traitement,volumineuses cellules
les abus dont,lésions des noyaux
impressions maternelles,paralysie faciale paralysie
déformations de enfant,paralysie faciale est
les impressions maternelles,paralysie faciale du
déformations congénitales influence,la paralysie faciale
antérieur impression maternelle,paralysie faciale périphérique
épidémies ne,5o2 il ystér11
ces épidémies ne,ig5 phénomène des
nos trois malades,paupières phénomène purement
maladies mentales 3e,les phénomènes pithiatiques
tres maladies de,phénomènes des phénomènes
82 clinique nerveuse,défaut association motrice
84 clinique nerveuse,association motrice acte
82 clinique,association des mouvements
84 clinique,défaut association
droit 84 clinique,association motrice
héréditaires ces observations,cône médullaire syndrome
héréditaire voici cette,symptôme isolé de
excellente thèse de,symptôme isolé
excellente thèse,symptomatique de sclérose
intéressants hérédité,médullaire syndrome
gaz eau dissout,flexion du pied
sieurs gaz eau,plante du pied
gaz eau,adduction du pied
gaz en dissolution,du pied extenseur
dissous de gaz,pied ce réflexe
paralysies sensitivo motrices,7e paire muscles
paralylica neurol centralblatt,spinal les muscles
paralylica neurol,musculaires périphériques 7t
corticale sensitivo motrice,les muscles périscapulaires
demertlia paralylica neurol,les muscles os
dr vallon médecin,syndrome ordinaire simule
vaucluse en remplacement,troubles hystériques simulant
vallon médecin,simulation involontaire joue
lombarde delta,la simulation involontaire
lombarde delta provincia,simulation involontaire
pathologie mentale saillants,la tuberculose ou
pas les psychoses,la tuberculose delamare
mental pathologique,tuberculose ou la
stigmates psychiques dont,la tuberculose chronique
psychiques dont nous,tuberculose paludisme des
sensibilité tactile analgésie,postérieur innervation physiologie
douleurs localisées anesthésies,postérieure du ventricule
amputations lésions nerveuses,postérieure du corps
supérieure de anesthésie,postérieure du thorax
anesthésie est reportée,dorsale de organe
le traumatisme crânien,anesthésie la température
traumatisme crânien parait,fièvre le troisième
blessés au crâne,la congestion pulmonaire
douleurs de tête,hôpitaux étude thermo
traumatisme crânien,thoracentèse voy température
pathologique de encéphalite,la sensibilité articulaire
dorsal vagoglossopharyngien plan,la sensibilité tactile
vagoglossopharyngien plan,sensibilité tactile au
cérébrales symptomatolo gie,la sensibilité tend
hypochondriaque comme symptôme,sensibilité articulaire
diagnostic névrite,triple de volume
pathologiques les traumatismes,trois veines volumineuses
diagnostic névrite du,pigeon lobe gauche
guérison diagnostic névrite,trois bâillements secondaires
pathologie nerveuse accidents,gauche trous volumineux
noyau du facial,symptômes ultérieurs élévation
chromatiques des cellules,vertige épileptiforme nous
cellules granulées commencent,progressive paralysis
facial hemintrophy the,epilepsies elles epileptiques
progressive facial hemintrophy,46 lift
rares le diagnostic,jambe blessés il
ordinairement de diagnostiquer,repos les jambes
symptomatologie de quel,malade sa jambe
diagnostic aggravation par,sa jambe blessés
la symptomatologie de,jour ses jambes
anesthésique gauche pen,arthropathies tabétiques
la cavité nasale,arthropathies tabétiques ne
cavité nasale,autopsie sclérose
effleura le nez,arthropathie tabétique des
anesthésique gauche,mort phthisique
les alcooliques subsisteraient,contractures hystériques du
alcooliques subsisteraient encore,phénomènes du syndrome
spiritueuses alcoolisme pas,hystérique contracture
alcoolisme pas décru,contractures hystériques
boissons spiritueuses alcoolisme,les contractures hystériques
couleurs il anesthésie,le syndrome organique
dentition les parents,syndrome organique de
dents morbides héréditaires,syndrome organique
de photesthésie colorée,complexité du syndrome
une pigmentation constante,aphasie le syndrome
gauche réflexes,somnambulisme les muscles
gauche le réflexe,muscle que anatomie
réflexes tendineux sont,musculaire son mécanisme
les réflexes tendineux,muscles du corps
du réflexe tendineux,du muscle psoas
une maison épileptiques,main peut reposer
maison pour épileptiques,du lit aneslliésic
maison de santé,appuyant aux lits
maison épileptiques,repos au lit
nouvel hôpital de,lit aneslliésic et
vie cet étonnant,médullaire la tumeur
une vie exceptionnellement,la tumeur supposée
cette vie abnégation,est une tumeur
cette vie,hypothèse une tumeur
vie de bénédictin,véritable tumeur que
lésions systématiques combinées,membre supérieur gauche
systématique des cordons,membre inférieur gauche
affections systématiques combinées,dorsale supérieure droite
lésions systématiques,membre inférieur droit
les affections systématiques,gauche les artères
physiologie pathologiques ce,extraction de pierre
pathologiques ce sont,pierres extraction
pathologiques phérie du,pierres extraction fut
catégorie des psychoses,des pierres extraction
physiologie pathologiques apoplectique,expulsion de pierres
1fi f9trrj9 a9tw,est presque symétrique
1fi f9trrj9,asymétrique les mains
j9 9tiojblit 1l11bü,est asymétrique
9j1 9fi nf,est une asymétrie
fj 91 1l,cette symétrie est
pathologique du dorsal,un chinois hôpital
anatomie pathologique chez,chinois hôpital
pathologique la symplomatologie,chinois hôpital français
la neurasthénie spinale,gnon aide major
la symplomatologie,chinois est
la dégénérescence hystérie,le processus infundibuliforme
dégénérative de hystérie,les muscles articulation
des accidents hystériques,les muscles rhomboïdes
dégénérescence hystérie,les ossifications musculaires
dégénérescence hystérie selon,les muscles envahis
délire hallucinatoire manie,fétichisme est inconvertissable
hallucinatoire manie,surnaturel le fétichisme
manie hallucinatoire,le fétichisme est
manie hallucinatoire de,fétichisme est
hallucinatoire manie hallucinatoire,le fétichisme
aimé sa femme,corrélatives des neurones
précipité sa femme,persistantes des neurones
assassiné sa femme,neurale des ganglions
ni sa femme,paralyse neurolo
sa femme avait,les hémiplégies cérébrales
traitement méritent elles,arthropathies de épaule
le traitement méritent,artère vertebrale gauche
bibliographie traité clinique,épaule droite ostéophyte
traitements médicaux,pédoncule cérébral gauche
du traitement médical,gauche analgésie
sensitivo sensoriels constipation,de tumeurs enkystées
sensoriels constipation opi,du symptôme sommeil
sensoriels constipation,tumeurs enkystées
troubles sensitivo sensoriels,des tumeurs pareilles
sensitivo sensoriels trophiques,symptôme sommeil
thyroïdien une tablette,autopsie un cervelet
thyroïde le traitement,la pathologie cérébelleuse
glande thyroïde différentes,cérébelleuse revue neurologique
glande thyroïde symptômes,syndrome cérébelleux est
au traitement thyroïdien,pathologie cérébelleuse
les hallucinations auditives,rien anormal examen
hallucinations auditives,anormal examen ophtalmoscopique
sensa tions auditives,anormal examen
hallucinations auditives et,examen clinique ordinaire
tions auditives,normale examen
rigoureusement scientifiques,les petits vaisseaux
rigoureusement scientifiques et,les petites cellules
science rien voir,sont plus petits
la science rien,vaisseaux de petit
scientifiques sérieuses,leur petite taille
malades ont retiré,réflexion concernant hypertrophie
les malades retireront,enfant est hypertrophie
malades retireront le,hypertrophiés emblée enfant
malades retireront,amyotrophie réflexe origine
les faire disparaître,hypertrophie chez alice
la tumeur paraît,urologues donné naissance
une tumeur siégeant,médecins urologues donné
tumeur paraît donc,des médecins urologues
tumeurs la lésion,des consultations urologues
tumeur paraît,consultations urologues
mauvais elle prononce,trijumeau pas dégénéré
diable dit elle,racine du trijumeau
menter les mauvais,trois couches intactes
les mauvais elle,arciformes ont dégénéré
mauvaise qu elle,du trijumeau pas
goût de odorat,destruction du tissu
troubles de odorat,le tissu médullaire
régis odorat troubles,du tissu médullaire
odorat pathogénie quel,tissu médullaire névroglique
hallucinations de odorat,neuroplasma des tissusavoisi
maladie autopsie neuroâlyome,livre du dr
1894 autopsie autopsie,ce livre paru
syndrome aaalomo clinique,ouvrages du dr
aiguë autopsie artériosclérose,bibliographique publiée par
1894 autopsie,ce livre aurait
239 cette ardeur,expérimentation chez animal
famine esquirol hérite,canal épendymaire quoique
cette soif ardente,le canal épendymaire
philanthropie de pinel,canal épendymaire
son ardeur pour,diverticulaires du canal
sept attaques violentes,catatoniques planche 465
sept attaques,syringomyélie histologie thomas
de sept attaques,syringomyélie histologie
attaques les 11,catatoniques planche
le 14 série,déments catatoniques planche
le corps protoplasmique,cellules des cornes
au corps protoplasmique,vasculaire les cellules
corps protoplasmique,altérations cellulaires appréciables
corps protoplasmique des,traînées de cellules
corps protoplasmique nucléé,altérations des cellules
une hémianopsie latérale,polaillon article
la dyschromatopsie achromatopsie,les articles parus
clinique la dyschromatopsie,article atrophie
hemianopsia second,articles parus sur
dyschromatopsie achromatopsie,articles parus
substance médullaire rien,maladie primitivementgéné rale
substance médullaire dont,rhumatisme déformant détermine
la substance médullaire,résument la symptomatologie
de substance médullaire,diagnostic le rachis
substance blanche sur,la maladie primitive
1875 la malade,différentes la cachexie
1865 1894 morts,malades diffèrent de
1896 la malade,malades diffèrent
mai 1896 hépatisme,ses malades diffèrent
1894 morts par,différent des malades
paralysie faciale périphérique,neurologique 1906 bteganskt
paralysie du facial,neurologique 1906
paralysie faciale guérie,hypertrophique marinesco bernhardt
périphérique la paralysie,reo neurol 1906
frontale anesthésie,revue neurologique 1906
docteur friese est,des vaisseaux lymphatiques
docteur friese,vaisseaux lymphatiques
le docteur friese,spinal où encéphalomyélite
docteur régis de,vaisseaux lymphatiques hertoghe
francs le dr,colonne dorsale arthropathie
vacances de pâques,foetus dysostosiques on
thérapeutique mentale elle,chez les foetus
traitement psychique hypnotisme,chez des foetus
pâques elle pu,de foetus dysostosiques
pâques elle,chez une syphilitique
apoplexie progressive ne,syslème nerveux duplay
apoplexie progressive,peripheren nervensystems bei
progressif de apoplexie,peripheren nervensystems
de apoplexie progressive,des peripheren nervensystems
apoplexie progressive des,système nerveux périphérique
plupart des psychiatres,physiologique des excitations
le médecin psychologue,ensemble des excitations
médico psychologiques,nature des excitations
médico psychologirues,complexité éléments mais
psychiatres les,excitations purement physiques
longévité vie,durée de irradia
longévité extraordinaire sont,radioactive exprimée en
longévité vie courte,radioactive exprimée
vivants très âgés,substance radioactive exprimée
famille paralytiques généraux,applications de radium
1899 le malade,syphilis médullaire histoire
connu ce malade,la syphilis médullaire
1808 le malade,syphilis le rhumatisme
365 tèmps un,syphilis rhumatisme etsyphilis
1899 malade de,44 ans syphilis
mort hémorragie cérébrale,testicule les cellules
décédé quarante ans,le testicule ectopié
père mort hémorragie,testicule ectopié les
il avait tumeur,hypophyse du testicule
eczémateux décédé quarante,de testicule ectopié
aliénistes russes étaient,ciale gauche syndrome
aliénistes russes,gauche syndrome de
les aliénistes russes,gauche syndrome
régime au lit,psychique du syndrome
russe nous croyons,symptômes cérébraux disparaissent
gauche avec arthropathie,zones intercostales
épileptiques depuis âge,la zone anesthésie
arthropathie tabé tique,une zone anesthésie
arthropathie tabé,zone anesthésie
été parfaitement droit,une zone anesthésique
pieds raclait le,sexualité étaient absolument
le pied débarrassé,la sexualité étaient
pathologique la pie,sexualité étaient
pieds raclait,sexuels de enfance
forcée du pied,sexualité des nains
cavité la syringomyélie,flexion des doigts
segments médullaires auteur,1909 la main
parties de encéphale,doigts en flexion
ce chapitre auteur,1908 la flexion
cavité provient de,mouvements des doigts
rétro oculaires du,articulations du poignet
réflexe oculo pupillaire,articulations de épaule
oeil réaction pupillaire,articulations des genoux
rétrécissement des pupilles,articulations des coudes
réfraction de oeil,ligaments articulaires étendaient
les accidents hystériques,action de acide
des accidents hystériques,acide anorganique on
accidents hystériques,les acides anorganiques
accidents hystériques tels,les acides organiques
accidents hystériques dit,acides organiques
miner des hémorragies,inférieurs 14 ans
phénomènes neuro vasculaires,14 ans ses
manifestations neuro vasculaires,bres inférieurs 14
neuro vasculaires cette,16 ans elle
neuro vasculaires ne,ans ses règles
descendant myélite aiguë,du pouce droit
dégénérescence du cordon,du pouce gauche
descendant myélite,pouce gauche est
en descendant myélite,doigts est altérée
amputation congénitale,pouce est aboli
116 pathologie nerveuse,et menus lymphocytes
118 pathologie nerveuse,lymphocytes menus et
112 pathologie nerveuse,menus des leucocytes
114 pathologie nerveuse,et gros lymphocytes
111 scoliose neuropathique,et des leucocytes
voleurs sont amputés,dans image radiographique
les voleurs sont,radiographique montré aucune
voleurs sont,image radiographique
ces mutilations,image radiographique de
délirante la mutilation,radiographique montré
syphilitiques mais ici,trophiques cutanés peau
syphilis est influencée,tissus la peau
syphilis est moins,troubles trophiques peuvent
la syphilis tertiaire,les troubles trophiques
nombreux de syphilis,malade la peau
du corps thyroïde,hémorragies sous arachnoidiennes
thyroïde du foie,hémorragies sous arachnoïdiennes
vasculaire sanguine athérome,hémorragie méningée constatée
quatre cas artropathies,hémorragies ventriculaires
des organes foie,des hémorragies ventriculaires
augmentent attente anxieuse,gauche insensibilité est
augmentent attente,gauche insensibilité
anxiété terrible peur,gauche la sensibilité
la crainte perpétuelle,droite insensibilité au
des crises angoisses,droite insensibilité
absence de convulsion,rougeole 1880 janvier
des convulsions,rougeole 18 janvier
les crises épileptiques,13 janvier rougeole
une crise épileptique,rougeole quatre mois
de convulsions,1880 la rougeole
irresponsable des actes,dépressions latérales arcades
irresponsable,de dépressions latérales
irresponsable des,dépressions latérales
responsabilité des in,latérales arcades
responsabilité,droite les arcades
congres des aliénisles,jambes il jamais
articles de cololian,quatre ans il
colonie tuiilule la,paternel était bègue
ce1 ea catalepsie,quatre ans pas
colonie tuiilule,cervicales quatre ans
ces organes ce,la thyroïdectomie totale
ces organes la,thyroïdectomie totale relaté
ces organes,thyroïdectomie totale
les organes nerveux,thyroïdectomies totales pietrzi
ces organes en,de thyroïdectomie totale
mémoire du malade,épileptique bromure de
mémoire image mentale,epilepsie bromure de
mémoire de névropathe,épileptique bromure
psychique la mémoire,epilepsie bromure
cerveau du malade,épilepsie bromure de
spiritisme réside précisément,sept ans il
du spiritisme réside,réglée sept ans
par le spiritisme,sept ans pendant
le spiritisme encore,ans sept ans
spiritisme encore,sept ans une
autopsie la couche,inventaire vous procéderez
couche optique quelle,dressiez inventaire vous
couche optique,bicétre le mobilier
couche optique la,inventaire vous
la couche optique,parloir le meuble
chimiques série 51,de chambre isolement
série 190 114,étages qui seul
série 190,seul aux cabinets
séries chimiques série,salle chambres isolement
chimiques série,chambres isolement
malades asthme vrai,occipitales bosses frontales
asthme vrai ont,côté bosses frontales
malades asthme,la bosse frontale
autres malades asthme,bosse frontale est
médicales so véroxal,bosses frontales latérales
fonctions sexuelles normales,pavillon une galerie
sexuelle la phobie,galerie fermée au
sexuelles anormales,galerie intérieure mettant
impulsions sexuelles anormales,galerie extérieure ouverte
sexuelle le malade,galerie exté rieure
journ de neurologie,3g7 70 centimètres
jours idées hypocondriaques,fontanelle centimètres
journ de psychologie,la fontanelle centimètres
mentale le samedi,taille la fontanelle
cérébrales la sénilité,fontanelle centimètres et
hydrothérapie voir l3nlnr,120 le poumon
babinski 490 hydrothérapie,congestion pulmonaire 27
490 hydrothérapie voir,pulmonaire 27
490 hydrothérapie,pulmonaire 27 mars
forme cérébelleuse pnr,175 gr poumon
système nerveux héréditairement,jambes fléchies développement
nerveux héréditairement troublé,développement des bras
nerveux héréditairement,genoux quand enfant
lare nerveuse héréditaire,flexion des jambes
poussée endocardite mitrale,le genou gauche
son travail atelier,père grand fumeur
musique est apprenti,fumait beaucoup doux
oeuvre que lui,fume peu père
imparfait et ouvrage,paternelle très nerveuse
bien travailler atelier,fumait beaucoup en
des hallucinations mais,nomhre enfants aveugles
lélisme des hallucinations,enfants anormaux aveugles
hallucinations mais leur,parent elle avait
des hallucinations,mère les yeux
des hallucina tions,maternelle hémiplégique soeur
2îpéî att2 rectale,elle lit lentement
att2 rectale,elle crie aussitôt
grandclément 1g2,lents car elle
grandclément 1g2 torticolis,elle ne prie
att2 rectale celle,courte prière du
nales médico psychologiques,au jardin potager
aux psychiatres de,jardins ce sous
neurologistes tenu rennes,jardins de notre
aux psychiatres,chez nos enfants
de médecine mentale,ménageries le jardin
ptosis paralytique dans,budgets départementaux 177
deuxième circonvolutions limbiques,publique 187 budget
rhumatisme articulaire chronique,publique 183 budget
opothérapie paçathyroidienne améliore,publique 185 budget
ristique du pouls,subvention départementale budget
médecins des asiles,février le malade
asiles soient déchargés,hospice le février
médecin des asiles,février ce malade
médecinsfonctionnaires des asiles,malades il rené
les médecins asiles,cliniquement indépendante de
il ne peut,blonds normalement implantés
peut gouverner ses,blonds bien implantés
il est capable,globes oculaires ne
il ne pouvait,grandes lèvres pigmentées
il soit capable,osseux visage ovale
,tuberculose pulmonaire davi
,tuberculose pulmonaire broncho
,tuberculose pulmonaire
,de tuberculose pulmonaire
,athrepsie tuberculose pulmonaire
